,Character,Actor/ess,Episodes_appeared,First_appearance,Last_appearance,houses
0,Tyrion Lannister,Peter Dinklage,67,2011,2019,Lannister
1,Cersei Lannister,Lena Headey,62,2011,2019,Lannister
2,Daenerys Targaryen,Emilia Clarke,62,2011,2019,Targaryen
3,Jon Snow,Kit Harington,62,2011,2019,Stark
4,Sansa Stark,Sophie Turner,59,2011,2019,Stark
5,Arya Stark,Maisie Williams,59,2011,2019,Stark
6,Jaime Lannister,Nikolaj Coster-Waldau,55,2011,2019,Lannister
7,Jorah Mormont,Iain Glen,52,2011,2019,Include
8,Samwell Tarly,John Bradley,48,2011,2019,Night's Watch
9,Theon Greyjoy,Alfie Allen,47,2011,2019,Greyjoy
10,Lord Varys,Conleth Hill,46,2011,2019,Include
11,Davos Seaworth,Liam Cunningham,42,2012,2019,Include
12,Brienne of Tarth,Gwendoline Christie,42,2012,2019,Include
13,Petyr 'Littlefinger' Baelish,Aidan Gillen,41,2011,2017,
14,Bran Stark,Isaac Hempstead Wright,40,2011,2019,Stark
15,Sandor 'The Hound' Clegane,Rory McCann,38,2011,2019,
16,Missandei,Nathalie Emmanuel,38,2013,2019,Include
17,Bronn,Jerome Flynn,37,2011,2019,Include
18,Podrick Payne,Daniel Portman,35,2012,2019,Include
19,Grey Worm,Jacob Anderson,34,2013,2019,Include
20,Eddison Tollett,Ben Crompton,34,2012,2019,Night's Watch
21,Tormund Giantsbane,Kristofer Hivju,33,2013,2019,Wildlings
22,Grand Maester Pycelle,Julian Glover,31,2011,2016,Include
23,Melisandre,Carice van Houten,29,2012,2019,Include
24,Tywin Lannister,Charles Dance,27,2011,2015,Lannister
25,Gilly,Hannah Murray,27,2012,2019,Wildlings
26,Margaery Tyrell,Natalie Dormer,26,2012,2016,Tyrell
27,Joffrey Baratheon,Jack Gleeson,26,2011,2014,Baratheon
28,Catelyn Stark,Michelle Fairley,26,2011,2016,Stark
29,Barristan Selmy,Ian McElhinney,25,2011,2015,Include
30,Stannis Baratheon,Stephen Dillane,24,2012,2015,Baratheon
31,Gendry,Joe Dempsie,24,2011,2019,Baratheon
32,Hodor,Kristian Nairn,23,2011,2016,Include
33,Qyburn,Anton Lesser,22,2013,2019,Include
34,Grenn,Mark Stanley,22,2011,2014,Night's Watch
35,Robb Stark,Richard Madden,22,2011,2016,Stark
36,Loras Tyrell,Finn Jones,21,2011,2016,Tyrell
37,Shae,Sibel Kekilli,20,2011,2014,Include
38,Ramsay Bolton,Iwan Rheon,20,2013,2016,
39,Roose Bolton,Michael McElhatton,20,2012,2016,Include
40,Alliser Thorne,Owen Teale,19,2011,2016,Night's Watch
41,Daario Naharis,Michiel Huisman,18,2014,2016,Include
42,Olenna Tyrell,Diana Rigg,18,2013,2017,Tyrell
43,Tommen Baratheon,Dean-Charles Chapman,18,2013,2016,Baratheon
44,Ygritte,Rose Leslie,17,2012,2014,Wildlings
45,Jaqen H'ghar,Tom Wlaschiha,17,2012,2016,Include
46,Gregor 'The Mountain' Clegane,Hafþór Júlíus Björnsson,17,2014,2019,
47,Olly,Brenock O'Connor,17,2014,2016,Night's Watch
48,Meryn Trant,Ian Beattie,17,2011,2015,
49,Osha,Natalia Tena,16,2011,2016,Wildlings
50,Yara Greyjoy,Gemma Whelan,16,2012,2019,Greyjoy
51,Meera Reed,Ellie Kendrick,16,2013,2017,Include
52,Wun Wun,Ian Whyte,16,2011,2019,Wildlings
53,Lancel Lannister,Eugene Simon,16,2011,2016,Lannister
54,Janos Slynt,Dominic Carter,15,2011,2015,Include
55,Maester Luwin,Donald Sumpter,14,2011,2012,Include
56,Ros,Esmé Bianco,14,2011,2013,Include
57,Rickon Stark,Art Parkinson,14,2011,2016,Stark
58,Othell Yarwyck,Brian Fortune,14,2011,2016,Night's Watch
59,Ellaria Sand,Indira Varma,13,2014,2017,Martell
60,Rodrik Cassel,Ron Donachie,13,2011,2012,Include
61,Beric Dondarrion,Richard Dormer,13,2013,2019,Include
62,Mace Tyrell,Roger Ashton-Griffiths,13,2014,2016,Tyrell
63,Yohn Royce,Rupert Vansittart,13,2014,2019,Include
64,Pypar,Josef Altin,13,2011,2014,Night's Watch
65,Irri,Amrita Acharia,13,2011,2012,Dothraki
66,High Sparrow,Jonathan Pryce,12,2015,2016,Include
67,Jeor Mormont,James Cosmo,12,2011,2013,Night's Watch
68,Maester Wolkan,Richard Rycroft,12,2016,2019,
69,Kevan Lannister,Ian Gelder,12,2011,2016,Lannister
70,Rast,Luke Barnes,12,2011,2014,Night's Watch
71,Hot Pie,Ben Hawkey,12,2011,2017,Include
72,Talisa Stark,Oona Chaplin,11,2012,2013,
73,Maester Aemon,Peter Vaughan,11,2011,2015,Night's Watch
74,The Waif,Faye Marsay,11,2015,2016,Include
75,Doreah,Roxanne McKee,11,2011,2012,Dothraki
76,Qhono,Staz Nair,11,2016,2019,Dothraki
77,Eddard 'Ned' Stark,Sean Bean,10,2011,2011,
78,Thoros of Myr,Paul Kaye,10,2013,2017,Include
79,Selyse Baratheon,Tara Fitzgerald,10,2013,2015,Baratheon
80,Jojen Reed,Thomas Brodie-Sangster,10,2013,2014,Include
81,Shireen Baratheon,Kerry Ingram,10,2013,2015,Baratheon
82,Bowen Marsh,Michael Condron,10,2015,2016,
83,Khal Drogo,Jason Momoa,10,2011,2012,Dothraki
84,Euron Greyjoy,Pilou Asbæk,9,2016,2019,Greyjoy
85,Edmure Tully,Tobias Menzies,9,2013,2019,Tully
86,Tyene Sand,Rosabell Laurenti Sellers,9,2015,2017,Martell
87,Lyanna Mormont,Bella Ramsey,9,2016,2019,Include
88,Robin Arryn,Lino Facioli,9,2011,2019,Include
89,Renly Baratheon,Gethin Anthony,8,2011,2012,Baratheon
90,Locke,Noah Taylor,8,2013,2014,Include
91,Obara Sand,Keisha Castle-Hughes,8,2015,2017,Martell
92,Hizdahr zo Loraq,Joel Fry,8,2014,2015,Include
93,Nymeria Sand,Jessica Henwick,8,2015,2017,Martell
94,Septa Unella,Hannah Waddingham,8,2015,2016,Include
95,Myranda,Charlotte Hope,8,2013,2016,
96,Kovarro,Steven Cole,8,2012,2012,
97,Tommen Baratheon,Callum Wharry,8,2011,2012,Baratheon
98,Myrcella Baratheon,Aimee Richardson,8,2011,2012,Baratheon
99,Marei,Josephine Gillan,8,2012,2019,
100,Robert Baratheon,Mark Addy,7,2011,2011,Baratheon
101,Oberyn Martell,Pedro Pascal,7,2014,2014,Martell
102,Yoren,Francis Magee,7,2011,2012,Night's Watch
103,Brynden 'Blackfish' Tully,Clive Russell,7,2013,2016,
104,Olyvar,Will Tudor,7,2013,2015,Include
105,Rakharo,Elyes Gabel,7,2011,2012,Dothraki
106,Bernadette,Sara Dylan,7,2012,2017,
107,Walder Frey,David Bradley,6,2011,2017,Frey
108,Benjen Stark,Joseph Mawle,6,2011,2017,Stark
109,Orell,Mackenzie Crook,6,2013,2013,
110,Areo Hotah,Deobia Oparei,6,2015,2016,
111,Septa Mordane,Susan Brown,6,2011,2011,Include
112,Black Walder Rivers,Tim Plester,6,2013,2016,Frey
113,Qotho,Dar Salim,6,2011,2011,
114,Dontos Hollard,Tony Way,6,2012,2014,
115,Myrcella Baratheon,Nell Tiger Free,6,2015,2016,Baratheon
116,Anguy,Philip McGinley,6,2013,2013,
117,High Septon,Paul Bentley,6,2013,2015,
118,Alys Karstark,Megan Parkinson,6,2016,2019,
119,Night's Watch Officer,Dennis McKeever,6,2011,2013,
120,Viserys Targaryen,Harry Lloyd,5,2011,2011,Targaryen
121,Jory Cassel,Jamie Sives,5,2011,2011,Include
122,Lysa Arryn,Kate Dickie,5,2011,2014,Include
123,Mance Rayder,Ciarán Hinds,5,2013,2015,Wildlings
124,Craster,Robert Pugh,5,2012,2013,Wildlings
125,Doran Martell,Alexander Siddig,5,2015,2016,Martell
126,Xaro Xhoan Daxos,Nonso Anozie,5,2012,2012,Include
127,Randyll Tarly,James Faulkner,5,2016,2017,
128,Robett Glover,Tim McInnerny,5,2016,2017,
129,Rickard Karstark,John Stahl,5,2012,2013,Include
130,Dagmer Cleftjaw,Ralph Ineson,5,2012,2012,
131,Walda Bolton,Elizabeth Webster,5,2014,2016,
132,Trystane Martell,Toby Sebastian,5,2015,2016,Martell
133,The Night King,Vladimir 'Furdo' Furdik,5,2016,2019,White Walkers
134,Archmaester Ebrose,Jim Broadbent,4,2017,2017,Include
135,Tycho Nestoris,Mark Gatiss,4,2014,2017,
136,Balon Greyjoy,Patrick Malahide,4,2012,2016,Greyjoy
137,Pyat Pree,Ian Hanmore,4,2012,2012,Include
138,Styr,Yuri Kolokolnikov,4,2014,2014,
139,Yezzan zo Qaggaz,Enzo Cilenti,4,2015,2016,Include
140,Karl Tanner,Burn Gorman,4,2013,2014,Night's Watch
141,Ilyn Payne,Wilko Johnson,4,2011,2012,
142,Marillion,Emun Elliott,4,2011,2011,
143,Dickon Tarly,Tom Hopper,4,2017,2017,
144,Qhorin Halfhand,Simon Armstrong,4,2012,2012,Night's Watch
145,Lothar Frey,Daniel Tuite,4,2016,2016,Frey
146,Rorge,Andy Beckwith,4,2012,2014,
147,Lommy Greenhands,Eros Vlahos,4,2011,2012,Include
148,Matthos Seaworth,Kerr Logan,4,2012,2012,Include
149,Armeca,Sahara Knite,4,2011,2012,
150,Royal Steward,Robert Sterne,4,2011,2011,
151,Black Lorren,Forbes KB,4,2012,2012,
152,Amory Lorch,Fintan McKeown,4,2012,2012,
153,Biter,Gerard Jordan,4,2012,2014,
154,Young Ned,Robert Aramayo,4,2016,2017,
155,Baby Sam,William Nevan Wilson,4,2016,2017,Wildlings
156,Baby Sam,James Robert Wilson,4,2016,2017,Wildlings
157,Timett,Tobias Winter,4,2011,2012,
158,Steelshanks Walton,Jamie Michie,4,2013,2013,
159,Izembaro,Richard E. Grant,3,2016,2016,
160,Lady Crane,Essie Davis,3,2016,2016,Include
161,Spice King,Nicholas Blane,3,2012,2012,
162,Three-Eyed Raven,Max von Sydow,3,2016,2016,Include
163,Syrio Forel,Miltos Yerolemou,3,2011,2011,Include
164,Harrag,Brendan Cowell,3,2017,2017,
165,Salladhor Saan,Lucian Msamati,3,2012,2014,Include
166,Daario Naharis,Ed Skrein,3,2013,2013,Include
167,Greatjon Umber,Clive Mantle,3,2011,2011,Include
168,Camello,Kevin Eldon,3,2016,2017,
169,Harald Karstark,Paul Rattray,3,2016,2016,
170,Giant Wight #2,Neil Fingleton,3,2014,2017,
171,Leaf,Kae Alexander,4,2016,2016,Include
172,Bobono,Leigh Gill,3,2016,2016,
173,Razdal mo Eraz,George Georgiou,3,2013,2016,Include
174,Lhara,Sarine Sofair,3,2014,2015,
175,Clarenzo,Rob Callender,3,2016,2016,
176,Thenn Warg,Joseph Gatt,3,2014,2014,Wildlings
177,Mirri Maz Duur,Mia Soteriou,3,2011,2011,Include
178,Polliver,Andy Kellegher,3,2012,2014,
179,Alton Lannister,Karl Davies,3,2012,2012,
180,Khal Moro,Joseph Naufahu,3,2016,2016,
181,Ned Umber,Harry Grasby,3,2017,2019,
182,Kraznys mo Nakloz,Dan Hildebrand,3,2013,2013,Include
183,Mossador,Reece Noi,3,2014,2015,
184,White Walker,Ross Mullan,3,2012,2014,White Walkers
185,Rattleshirt,Edward Dogliani,3,2012,2013,Wildlings
186,Vala,Meena Rayann,3,2015,2016,
187,Daisy,Maisie Dee,3,2012,2012,
188,Bathhouse Prostitute,Samantha Bentley,3,2014,2015,
189,Silk King,Slavko Juraga,3,2012,2012,Include
190,Dothraki Bloodrider #1,Diogo Sales,3,2016,2016,
191,Musician #1,Nanna Bryndís Hilmarsdóttir,3,2016,2016,
192,Dothraki Bloodrider #2,Junade Khan,3,2016,2016,
193,Musician #2,Ragnar Þórhallsson,3,2016,2016,
194,Musician #3,Arnar Rosenkranz Hilmarsson,3,2016,2016,
195,Musician #4,Brynjar Leifsson,3,2016,2016,
196,Loyal Night's Watchman #2,Robert Fawsitt,3,2016,2016,
197,Musician #5,Kristján Kristjánsson,3,2016,2016,
198,King's Landing Whore,Xena Avramidis,3,2014,2015,
199,Dothraki Woman Having Sex,Portia-Valis Volkova,3,2015,2016,
200,Aggo,Chuku Modu,3,2016,2016,
201,Frances,Annette Hannah,3,2016,2017,
202,Brothel Patron #5,Derek Dubery,3,2015,2019,
203,Hallyne,Roy Dotrice,2,2012,2012,Include
204,Harry Strickland,Marc Rissmann,2,2019,2019,
205,Illyrio Mopatis,Roger Allam,2,2011,2011,
206,Lem Lemoncloak,Jóhannes Haukur Jóhannesson,2,2016,2016,
207,Smalljon Umber,Dean Jagger,2,2016,2016,Include
208,Martha,Bronte Carmichael,2,2019,2019,
209,Mord,Ciaran Bermingham,2,2011,2011,
210,Aeron Greyjoy,Michael Feast,2,2016,2016,
211,Dim Dalba,Murray McArthur,2,2015,2016,
212,Belicho Paenymion,Eddie Jackson,2,2016,2016,
213,Fergus,Seamus O'Hara,2,2019,2019,
214,Gatins,Ricky Champ,2,2016,2016,
215,Teela,Bea Glancy,2,2019,2019,
216,Old Nan,Margaret John,2,2011,2011,
217,The Night King,Richard Brake,3,2014,2016,White Walkers
218,Morgan,Ian Davies,2,2016,2016,
219,Woman with Elderly Parents,Lucy McConnell,2,2019,2019,
220,Gregor 'The Mountain' Clegane,Conan Stevens,2,2011,2011,
221,Malko,Adewale Akinnuoye-Agbaje,2,2015,2015,
222,Thin Man,Oengus MacNamara,2,2015,2015,
223,Lothar Frey,Tom Brooke,2,2013,2013,Frey
224,Bianca,Eline Powell,2,2016,2016,
225,Vardis Egen,Brendan McCormack,2,2011,2011,
226,Shagga,Mark Lewis Jones,2,2011,2011,
227,Quaithe,Laura Pradelska,2,2012,2012,
228,Margaery Tyrell Mummer,Eva Butterly,2,2016,2016,
229,Old Woman,Stella McCusker,2,2015,2015,
230,Baby Sam,Logan Watson,2,2019,2019,Wildlings
231,Hugh of the Vale,Jefferson Hall,2,2011,2011,
232,Morag,Deirdre Monaghan,2,2014,2014,
233,Todder,Will O'Connell,2,2013,2015,
234,Johnna,Ali Lyons,2,2015,2015,
235,Willa,Karla Lyons,2,2015,2015,
236,Lady Kitty Frey,Lucy Hayes,2,2016,2017,
237,Baby Sam,Finn Watson,2,2019,2019,Wildlings
238,Lyanna Stark,Aisling Franciosi,2,2016,2017,
239,Village Woman,Eileen McCloskey,2,2019,2019,
240,Farlen,Peter Ballance,2,2012,2012,
241,Donnel Waynwood,Alisdair Simpson,2,2014,2014,
242,Drennan,David Coakley,2,2012,2012,
243,Sissy,Jane McGrath,2,2014,2014,
244,Dosh khaleen High Priestess,Souad Faress,2,2016,2016,
245,Zanrush,Gerald Lepkowski,2,2016,2016,
246,King's Landing Whore,Emily Diamond,2,2011,2011,
247,Ornela,Hannah John-Kamen,2,2016,2016,
248,Young Nan,Annette Tierney,2,2016,2016,
249,Kurleket,Kevin Keenan,2,2011,2011,
250,Winterfell Shepherd,Donagh Deeney,2,2012,2012,
251,The Tickler,Anthony Morris,2,2012,2012,
252,Ghita,Hattie Gotobed,2,2015,2015,
253,Wyllis,Sam Coleman,2,2016,2016,
254,Morgan,Chris Reilly,2,2012,2014,
255,Greizhen mo Ullhor,Cliff Barry,2,2013,2013,Include
256,Mole's Town Whore,Lois Winstone,2,2014,2014,
257,Willis Wode,Ryan McKenna,2,2011,2011,
258,Jacks,Paul Caddell,2,2012,2012,
259,Goldcloak,Sam Callis,2,2012,2012,
260,King's Landing Rioter #1,Reg Wayment,2,2012,2012,
261,Ternesio Terys,Gary Oliver,2,2014,2015,
262,Moro's Wife #2,Fola Evans-Akingbola,2,2016,2016,
263,Master Torturer,Michael Shelford,2,2013,2013,
264,Great Master #1,Emilio Doorgasingh,2,2014,2014,
265,Young Ned Stark,Sebastian Croft,2,2016,2016,
266,Young Rodrik Cassel,Fergus Leathem,2,2016,2016,
267,Mhaegen,Antonia Christophers,2,2011,2012,
268,,Will Fortune,2,2014,2015,
269,Mole's Town Madam,Lu Corfield,2,2014,2014,
270,Lannister Captain,Aiden Condron,2,2012,2012,
271,Quent,Aidan Crowe,2,2012,2012,
272,Young Benjen Stark,Matteo Elezi,2,2016,2016,
273,Dothraki Widow #1,Angelique Fernandez,2,2016,2016,
274,Stark Guard,David Sheehan,2,2012,2012,
275,Mummer #2,Glen Barry,2,2016,2016,
276,Kayla,Pixie Le Knot,2,2013,2014,
277,Manservant,Conor Watters,2,2014,2014,
278,Mummer #3,Brendan O'Rourke,2,2016,2016,
279,Tobho Mott,Andrew Wilde,2,2011,2012,
280,Mummer #4,Ross Anderson-Doherty,2,2016,2016,
281,Night's Watchman #1,Michael Hayes,2,2016,2016,
282,Dothraki Widow #2,Wuese Houston-Jibo,2,2016,2016,
283,Willem Lannister,Timothy Gibbons,2,2013,2013,
284,Baratheon Soldier #2,Jason McLaughlin,2,2015,2015,
285,Loyal Night's Watchman #1,Steve Cash,2,2016,2016,
286,Night's Watchman #2,Tony Flynn,2,2016,2016,
287,Night's Watchman,Michael Hooley,2,2016,2016,
288,The Mother,Em Scribbler,2,2015,2015,
289,Male Prostitute,Dennis Stokes,2,2012,2012,
290,The Maiden,Rebecca Scott,2,2015,2015,
291,The Crone,Rosie Ruthless,2,2015,2015,
292,Arthur,Nathanael Saleh,2,2016,2016,
293,Little Bird #4,Jesse Magee,2,2016,2016,
294,Little Bird #3,Michael Nevin,2,2016,2016,
295,Little Bird #6,Lucy Gallagher,2,2016,2016,
296,Little Bird #5,Iona Clarke,2,2016,2016,
297,Little Bird #7,Fionn Kernan,2,2016,2016,
298,Three-Eyed Raven,Struan Rodger,2,2014,2014,Include
299,Joyeuse Frey,Kelly Long,2,2011,2013,
300,Tyrell Lady,Sophie Reid,2,2013,2013,
301,Tommy,Tommy Dunne,2,2011,2014,
302,Leo Lefford,Vinnie McCabe,2,2011,2011,
303,Ironborn #2,Robert Render,2,2011,2016,
304,Brother Ray,Ian McShane,1,2016,2016,
305,Nora,Laura Elphinstone,1,2019,2019,
306,Xela,Alexis Raben,1,2019,2019,
307,Lannister Soldier,Matthew Wolf,1,2019,2019,
308,Karsi,Birgitte Hjort Sørensen,1,2015,2015,
309,Nora's Daughter,Tipper Seifert-Cleveland,1,2019,2019,
310,Singing Lannister Soldier,Stephen Swift,1,2012,2012,
311,Northern Sentry,Frank Blake,1,2019,2019,
312,Dying Man,Barry McGovern,1,2014,2014,
313,Loboda,Zachary Baharov,1,2015,2015,
314,Lannister Soldier,Ryan McKen,1,2019,2019,
315,Stark Soldier,Danny Kirrane,1,2017,2017,
316,Unsullied Captain,Gabriel Akuwudike,1,2019,2019,
317,Lannister Soldier,Owen Whitelaw,1,2019,2019,
318,Imry Florent,Gordon Mahon,1,2012,2012,
319,Captain of the Bolton Archers,Rory Mullen,1,2016,2016,
320,Koner,Joseph Quinn,1,2017,2017,
321,Ironborn Lord,Noel Harron,1,2019,2019,
322,Young Woman,Rori Hawthorn,1,2019,2019,
323,Mandon Moore,James Doran,1,2012,2012,
324,Bolton General,Mark Tankersley,1,2016,2016,
325,Northerner in Alley,Oliver Devoti,1,2019,2019,
326,Dornish Prince,Toby Osmond,1,2019,2019,
327,Jhiqui,Sarita Piotrowski,1,2011,2011,
328,Baratheon Officer,Kieran Cunningham,1,2012,2012,
329,Northman Rider,David Birkbeck,1,2016,2016,
330,Melessa Tarly,Samantha Spiro,1,2016,2016,
331,Winterfell Local,Breige Roche,1,2017,2017,
332,Riverlands Lord,Andrew Bicknell,1,2019,2019,
333,Lannister Soldier,Jim Tighe,1,2019,2019,
334,Will,Bronson Webb,1,2011,2011,
335,Captain of the Archers,Michael Grennell,1,2012,2012,
336,Lord of Bones,Ross O'Hennessy,1,2015,2015,
337,Northman Archer,Paul Garrett,1,2016,2016,
338,Stark Soldier,Eamonn Keenan,1,2017,2017,
339,Lord Une,Michael Benbaruk,1,2019,2019,
340,Mycah,Rhodri Hosking,1,2011,2011,
341,Jon Arryn,John Standing,1,2011,2011,
342,Mero,Mark Killeen,1,2013,2013,
343,Vale Lord,Frank Jakeman,1,2019,2019,
344,Lannister Soldier,Luke McQuillan,1,2019,2019,
345,Waymar Royce,Rob Ostlere,1,2011,2011,
346,Prendahl na Ghezn,Ramon Tikaram,1,2013,2013,Include
347,Goatherd,Philip Arditti,1,2014,2014,
348,Northern Lord,Niall Bishop,1,2019,2019,
349,King's Landing Citizen,Nicky Harley,1,2019,2019,
350,Gared,Dermot Keaney,1,2011,2011,
351,Catspaw Assassin,Lalor Roddy,1,2011,2011,
352,Maester Cressen,Oliver Ford Davies,1,2012,2012,
353,Septon,Kenneth Hadley,1,2013,2013,
354,First Mate,Rhodri Miles,1,2014,2014,
355,Citadel Maester,Julian Firth,1,2017,2017,
356,Wight at Table,Javier Botet,1,2019,2019,
357,King's Landing Citizen,Hayley McQuillan,1,2019,2019,
358,Crying Man,Pádraig O'Grady,1,2019,2019,
359,Lannister Guard,Conor Delaney,1,2011,2011,
360,Maggy,Jodhi May,1,2015,2015,
361,The Waif's Disguise,Margaret Jackman,1,2016,2016,
362,Citadel Maester,Philip O'Sullivan,1,2017,2017,
363,Lannister Soldier,Adam Devereux,1,2019,2019,
364,Lannister,Eoin Duffy,1,2019,2019,
365,Roslin Frey,Alexandra Dowling,1,2013,2013,
366,Anya Waynwood,Paola Dionisotti,1,2014,2014,
367,Bathhouse Prostitute,Samantha McEwan,1,2014,2014,
368,Braavosi Captain,Morgan C. Jones,1,2015,2015,
369,Ironborn #1,Darrell D'Silva,1,2016,2016,
370,Westerosi Trader,Kevin Horsham,1,2016,2016,
371,Street Red Priestess Meereen,Melanie Liburd,1,2016,2016,
372,Goldcloak,Laurence Spellman,1,2017,2017,
373,,Conor Maguire,1,2019,2019,
374,Lannister Soldier,Thomas Martin,1,2019,2019,
375,Willa,Alice Nokes,1,2019,2019,
376,,Shane Whisker,1,2019,2019,
377,Old Man,Sean Buckley,1,2013,2013,
378,Yunkai'i Whore,Talitha Luke-Eardley,1,2013,2013,
379,Ironborn in Skiff,Michael Hough,1,2014,2014,
380,Black Armored White Walker,Tim Loane,1,2015,2015,
381,Slaver,Michael Yare,1,2015,2015,
382,Bear Island Maester,Louis Rolston,1,2016,2016,
383,Rhaegar Targaryen,Wilf Scolding,1,2017,2017,
384,Fergus' Friend,Thomas Finnegan,1,2019,2019,
385,Sarra,Danielle Galligan,1,2019,2019,
386,Lannister Soldier,Brian Patrick Kennedy,1,2019,2019,
387,Villager 1,Lorcan Strain,1,2019,2019,
388,Wine Merchant,Simon Lowe,1,2011,2011,
389,Frey Guard,A.J. Kennedy,1,2013,2013,
390,Prisoner,Marko Jelic,1,2014,2014,
391,Great Master #1,Gianpiero Cognoli,1,2015,2015,
392,Joss,James McKenzie Robinson,1,2015,2015,
393,Volantene Whore #1,Katie Alexander Thom,1,2016,2016,
394,High Septon Maynard,Tom Chadbon,1,2017,2017,
395,King's Landing Citizen,Luna Kalo,1,2019,2019,
396,Winterfell Girl,Emer McDaid,1,2019,2019,
397,,Ella-Rose Sands,1,2019,2019,
398,Pentoshi Servant,Rania Zouari,1,2011,2011,
399,High Septon,David Verrey,1,2012,2012,
400,Merry Frey,Grace Hendy,1,2013,2013,
401,Bolton Guard,Anthony Boyle,1,2014,2014,
402,Ralf Kenning,Grahame Fox,1,2014,2014,
403,Pit Announcer,Nicholas Boulton,1,2015,2015,
404,Street Red Priestess Volantis,Rila Fukushima,1,2015,2015,
405,Winter Town Man,Raymond Keane,1,2015,2015,
406,Northman Rioter,Jed Murray,1,2016,2016,
407,Tully Bannerman,Sam Redford,1,2016,2016,
408,Aerys Targaryen,David Rintoul,1,2016,2016,
409,Crayah,Lucy Aarden,1,2019,2019,
410,King's Landing Citizen,Caitlin Pharro,1,2019,2019,
411,Varly,Graham Charles,1,2011,2011,
412,Goldcloak,Alan Paris,1,2011,2011,
413,Hog Farmer,Pat McGrath,1,2013,2013,
414,Elder Meereen Slave,Philip Philmar,1,2014,2014,
415,Great Master #2,Bobby Asghar,1,2015,2015,
416,Wildling Rioter,Michael Patrick,1,2016,2016,
417,Dickon Tarly,Freddie Stroma,1,2016,2016,
418,Crossroads Inn Patron,Ben Fox,1,2017,2017,
419,Stark Soldier,Luke Wilson Hanley,1,2017,2017,
420,Lannister General,Guy Oliver-Watts,1,2017,2017,
421,Lannister Soldier,Ed Sheeran,1,2017,2017,
422,'Littlefinger' Winterfell Spy,Adele Smyth-Kennedy,1,2017,2017,
423,Northman,Robbie Beggs,1,2019,2019,
424,Dirah,Marina Lawrence-Mahrra,1,2019,2019,
425,King's Landing Citizen,Louis McCartney,1,2019,2019,
426,,Fionnuala Murphy,1,2019,2019,
427,White Walker #2,Spencer Wilding,1,2011,2011,
428,Lannister Guard,Sam Mackay,1,2012,2012,
429,Drowned Priest,Jonathan Ryan,1,2012,2012,
430,Theon's Master of Hounds,Steve Wilson,1,2012,2012,
431,Fennesz,Trevor Allan Davies,1,2014,2014,
432,Tansy,Jazzy De Lisser,1,2014,2014,
433,Goatherd's Son,Gian Sanghera-Warren,1,2014,2014,
434,Braavosi Madam,Lacy Moore,1,2015,2015,
435,Merchant Captain,Gary Pillai,1,2015,2015,
436,Great Master #3,Peter Silverleaf,1,2015,2015,
437,Talla Tarly,Rebecca Benson,1,2016,2016,
438,King's Landing Boaster,Dylan Edwards,1,2016,2016,
439,Lannister Soldier,Matt Faris,1,2016,2016,
440,Ash,Yousef 'Joe' Sweid,1,2016,2016,
441,Crossroads Inn Patron,Mark Roper,1,2017,2017,
442,Lannister Soldier,Thomas Turgoose,1,2017,2017,
443,,Rosa Frazer,1,2019,2019,
444,King's Landing Citizen,Rosie McClelland,1,2019,2019,
445,,Roma Tomelty,1,2019,2019,
446,Dothraki Crone,Amira Ghazalla,1,2011,2011,
447,Jaremy Rykker,Jeffrey O'Brien,1,2011,2011,
448,Wight Wildling Girl,Claire Wright,2,2011,2014,White Walkers
449,Captain's Daughter,Amy Dawson,1,2012,2012,
450,Rennick,David Fynn,1,2012,2012,
451,Wendel Manderly,Oddie Braddell,1,2013,2013,
452,,Mackenzie Dean,1,2014,2014,
453,Adrack Humble,Jody Halse,1,2014,2014,
454,Morgan's Friend,Stuart Martin,1,2014,2014,
455,Young Braavosi,Jack Hickey,1,2015,2015,
456,Great Master #4,Davor Jozinovic,1,2015,2015,
457,Lead Dornish Guard,Christian Vit,1,2015,2015,
458,Moro's Wife #1,Rubi Ali,1,2016,2016,
459,Kesh,Michael Heath,1,2016,2016,
460,Ironborn at Brothel,Neil Keery,1,2016,2016,
461,Riddell,Ross McKinney,1,2016,2016,
462,Lannister Soldier,Billy Postlethwaite,1,2017,2017,
463,,Claire Connor,1,2019,2019,
464,King's Landing Citizen,Isaac Heslip,1,2019,2019,
465,Joss,Niall Cusack,1,2011,2011,
466,Drunk Patron,Paul Portelli,1,2011,2011,
467,Torrhen Karstark,Tyrone McElhennon,1,2012,2012,
468,Drummer,Will Champion,1,2013,2013,
469,Great Master #5,Ivan Peric,1,2015,2015,
470,Kinvara,Ania Bukstein,1,2016,2016,
471,Steve,Steve Love,1,2016,2016,
472,Volantene Whore #2,Heidi Romanova,1,2016,2016,
473,Tyrell Bannerman,Raül Tortosa,1,2016,2016,
474,Lannister Guard,Adam Slynn,1,2017,2017,
475,Winter Town Boy,Felix Jamieson,1,2019,2019,
476,Lannister Soldier,Jack Morgan,1,2019,2019,
477,Tomard,Phil Dixon,1,2011,2011,
478,Stiv,Stephen Don,1,2011,2011,
479,King's Landing Baker,Edward Mercieca,1,2011,2011,
480,Goldcloak #1,Nikovich Sammut,1,2011,2011,
481,Karstark Soldier #1,Neill Fleming,1,2012,2012,
482,Lordsport Dockhand,Jer O'Leary,1,2012,2012,
483,Bolton Soldier,Bryan Quinn,1,2013,2013,
484,Leaf,Octavia Selena Alexandru,1,2014,2014,Include
485,Vance Corbray,Richard Doubleday,1,2014,2014,
486,Valyrian Slave,Robert Goodman,1,2014,2014,
487,Axell Florent,James McHale,1,2014,2014,
488,Innkeeper,Martin Walsh,1,2014,2014,
489,Great Master #6,Hadi Kermani,1,2015,2015,
490,Lannister Soldier,Brahm Gallagher,1,2016,2016,
491,Khal Forzho,Tamer Hassan,1,2016,2016,
492,Volantene Whore #3,Danielle Claire Jenner,1,2016,2016,
493,Winter Town Woman,Syd Ralph,1,2019,2019,
494,Goldcloak #2,Seamus Kelly,1,2011,2011,
495,Night's Watchman,Marcus Lamb,1,2011,2011,
496,Little Bird,Tristan Mercieca,1,2011,2011,
497,Knight of House Lynderly,Paddy Rocks,1,2011,2011,
498,Old Woman Prisoner,Gina Moxley,1,2012,2012,
499,Mirelle,Elisa Lasowski,1,2013,2013,
500,Sorcerer,Harold James McMullan,1,2013,2013,
501,Unsullied,Karl Jackson,1,2014,2014,
502,Lord Blackmont,Daniel Rabin,1,2014,2014,
503,Great Master #7,Tonci Banov,1,2015,2015,
504,Brothel Guard,Mishaël Lopes Cardozo,1,2015,2015,
505,Faith Militant #1,Simon Norbury,1,2015,2015,
506,Volantene Whore #4,Ella Hughes,1,2016,2016,
507,The Waif's Disguise,Adam Turns,1,2016,2016,
508,Stevron Frey,Colin Carnegie,1,2011,2011,
509,Eon Hunter,Barrington Cullen,1,2011,2011,
510,Gerald,Ken Fletcher,1,2012,2012,
511,Boat Commander,Michael Power,1,2013,2013,
512,Musician #1,Jon Thor Birgisson,1,2014,2014,
513,Goatherd,Darren Kent,1,2014,2014,
514,Kegs,Tim Landers,1,2014,2014,
515,Derek,Ian Lloyd Anderson,1,2015,2015,
516,Lollys Stokeworth,Elizabeth Cadwallader,1,2015,2015,
517,Despondent Man,David Garlick,1,2015,2015,
518,Faith Militant #2,Jack Olohan,1,2015,2015,
519,Volantene Whore #5,Zoi Gorman,1,2016,2016,
520,Winter Town Woman,Katie Tumelty,1,2019,2019,
521,Ryger Rivers,Bryan McCaugherty,1,2011,2011,
522,Night's Watch Deserter,Barry O'Connor,1,2011,2011,
523,King's Landing Rioter #2,Marko Juraga,1,2012,2012,
524,Colen of Greenpools,Darren Killeen,1,2012,2012,
525,Wounded Lannister,Emmet O'Riabhaigh,1,2012,2012,
526,Protestor,Edward Tudor-Pole,1,2012,2012,
527,Margaery's Handmaiden,Aisling Jarrett-Gavin,1,2013,2013,
528,Frey Soldier #1,Ciaran O'Grady,1,2013,2013,
529,Riverlands Traveller,Joe Purcell,1,2013,2013,
530,Musician #2,Orri P. Dyrason,1,2014,2014,
531,Black Jack Bulwer,Cormac McDonagh,1,2014,2014,
532,Ser Endrew Tarth,Dez McMahon,1,2014,2014,
533,Craster's Wife #2,Aeryn Walker,1,2014,2014,
534,Brant,Jonathan Byrne,1,2015,2015,
535,Faceless Man,Cedric Henderson,1,2015,2015,
536,Sellsword #1,Matt McArdle,1,2015,2015,
537,Second Son,Slavko Sobin,1,2015,2015,
538,Rickard Stark,Wayne Foskett,1,2016,2016,
539,Ironborn Abusing a Volantene Whore,Billy King,1,2016,2016,
540,Poisoned Frey,Paul Ward,1,2017,2017,
541,King's Landing Urchin,Stephen Grech,1,2011,2011,
542,Beric Dondarrion,David Michael Scott,1,2011,2011,Include
543,Tortured Prisoner,Donal Gallery,1,2012,2012,
544,Karstark Soldier #2,Duncan Lacroix,1,2012,2012,
545,King's Landing Rioter #3,Rea Separovic,1,2012,2012,
546,Orphan Kid,Max Barber,1,2013,2013,
547,Karstark Lookout,Shaun Blaney,1,2013,2013,
548,King's Landing Tailor,Joe Cassidy,1,2013,2013,
549,Frey Soldier #2,Michael Liebmann,1,2013,2013,
550,Musician #3,Georg Holm,1,2014,2014,
551,Craster's Wife #3,Cheryl Lester,1,2014,2014,
552,Farmer Hamlet,Finbar Lynch,1,2014,2014,
553,Mully,Andy Moore,1,2014,2014,
554,Tyrell Guard,Nikola Bace,1,2015,2015,
555,Sellsword #2,Eddie Elks,1,2015,2015,
556,Lannister Guard #1,Danny O'Connor,1,2015,2015,
557,Lead Kingsguard,Paddy Wallace,1,2015,2015,
558,Arthur Dayne,Luke Roberts,1,2016,2016,
559,Frey Lord,Brendan Morrissey,1,2017,2017,
560,Reginald Lannister,Patrick FitzSymons,1,2012,2012,
561,Brothel Customer,Derek Reid,1,2012,2012,
562,Violet,Stephanie Blacker,1,2013,2013,
563,Fruit Vendor,Alex Mileman,1,2013,2013,
564,Tyrell Servant,Will Rastall,1,2013,2013,
565,Warlock,Lottie Steer,1,2013,2013,
566,King Joffrey Baratheon Dwarf,Raymond Griffiths,1,2014,2014,
567,Wight,Alice Hewkin,1,2014,2014,
568,Little Bird,Samuel Paul Small,1,2014,2014,
569,Clea,Gwyneth Keyworth,1,2015,2015,
570,Brusco,Garry Mountaine,1,2015,2015,
571,Foreign Merchant,Allon Sylvain,1,2015,2015,
572,Gerold Hightower,Eddie Eyre,1,2016,2016,
573,Lannister Captain,Richard Laing,1,2016,2016,
574,Iggo,Deon Lee-Williams,1,2016,2016,
575,Sick Maester,Eamonn Draper,1,2017,2017,
576,Rickard Karstark,Steve Blount,1,2011,2011,Include
577,Unsullied,Rhys Howells,1,2013,2013,
578,,Jon Freeman,1,2014,2014,
579,Whore #1,Kristen Gillespie,1,2014,2014,
580,King Stannis Baratheon Dwarf,Maxwell Laird,1,2014,2014,
581,Sailor,Dylan McDonough,1,2015,2015,
582,Beggar Woman,Emina Muftic,1,2015,2015,
583,Denys Mallister,J.J. Murphy,1,2015,2015,
584,Young Cersei Lannister,Nell Williams,1,2015,2015,
585,Khal Brozho,Elie Haddad,1,2016,2016,
586,Jonos Bracken,Gerry O'Brien,1,2011,2011,
587,Stark Messenger,Moe Dunford,1,2012,2012,
588,Jaqen's Disguise,Patrick O'Kane,1,2012,2012,
589,Desmond Crakehall,Maro Drobnic,1,2013,2013,
590,Guymon,Jem Wall,1,2014,2014,
591,King Renly Baratheon Dwarf,Dean Whatton,1,2014,2014,
592,,Rob Brockman,1,2015,2015,
593,Baratheon General,Nigel O'Neill,1,2015,2015,
594,Melara Hetherspoon,Isabella Steinbarth,1,2015,2015,
595,Braavosi Woman #1,Kate Anthony,1,2016,2016,
596,Khal Rhalko,Andrei Claude,1,2016,2016,
597,Young Lyanna Stark,Cordelia Hill,1,2016,2016,
598,Knight of House Frey,Patrick Ryan,1,2011,2011,
599,Lannister Messenger,Simon Stewart,1,2011,2011,
600,Lannister Torturer,Mark Byatt,1,2012,2012,
601,Northern Lord,Pat Mooney,1,2012,2012,
602,Stark Soldier,Michael Shaeffer,1,2012,2012,
603,Yunkai'i Slave #1,Marin Tudor,1,2013,2013,
604,King Robb Stark Dwarf,George Appleby,1,2014,2014,
605,Innkeeper's Daughter,Gabrielle Dempsey,1,2014,2014,
606,Olly's Mother,Raewyn Lippert,1,2014,2014,
607,Street Tough #1,Tom Fava,1,2015,2015,
608,Septa Moelle,Maggie Hayes,1,2015,2015,
609,White Rat,Marcos James,1,2015,2015,
610,,Daniel Johnson,1,2015,2015,
611,Anara,Ollie Kram,1,2015,2015,
612,Citadel Maester,Frank Hvam,1,2016,2016,
613,Khal Qorro,Darius Dar Khan,1,2016,2016,
614,Braavosi Woman #2,Sally Mortemore,1,2016,2016,
615,Serving Girl,Kate Dempsey,1,2017,2017,
616,Addam Marbrand,B.J. Hogg,1,2011,2011,
617,Vayon Poole,Matthew Scurfield,1,2011,2011,
618,Yunkai'i Slave #2,Roxana Kadyrova,1,2013,2013,
619,Bolton Soldier,Gary Lightbody,1,2013,2013,
620,King Balon Greyjoy Dwarf,Krysten Coombs,1,2014,2014,
621,Whore #2,Maria Sikavica,1,2014,2014,
622,,Richard Fitzwell,1,2015,2015,
623,Strong Sam Stone,Allan Gildea,1,2015,2015,
624,Septa Scolera,Mary Jordan,1,2015,2015,
625,Mallister Supporter,Derek Lord,1,2015,2015,
626,Brea,Gemita Samarra,1,2015,2015,
627,Masha Heddle,Susie Kelly,1,2011,2011,
628,Stark Guard,Faolan Morgan,1,2011,2011,
629,Night's Watch Messenger,Frank O'Sullivan,1,2011,2011,
630,Septon,Terry Byrne,1,2012,2012,
631,Qartheen Woman,Kristina Krepela,1,2012,2012,
632,Craster's Wife,Michelle Costello,1,2013,2013,
633,Yunkai'i Slave #3,Jamal Ouarraq,1,2013,2013,
634,Eyrie Guard,Paul Kennedy,1,2015,2015,
635,Whore,Irma Mali,1,2015,2015,
636,Brothel Customer,Ben Yates,1,2015,2015,
637,Night's Watchman #2,Ruairí Heading,1,2016,2016,
638,Lannister Soldier,Ciaran McMahon,1,2012,2012,
639,Yunkai'i Slave #4,El Hasani,1,2013,2013,
640,Craster's Younger Wife,Lisa Walsh,1,2013,2013,
641,Sparring Boy,Stephen Brown,1,2015,2015,
642,Street Tough #2,Winston Davis,1,2015,2015,
643,Aya,Aifric O'Donnell,1,2015,2015,
644,Brothel Child #1,Ella Tweed,1,2015,2015,
645,Bolton Officer,Andrew Bryan,1,2016,2016,
646,Lannister Scout,Chris Gallagher,1,2011,2011,
647,Rhaego,Wren Ros Elliot-Sloan,1,2012,2012,
648,Yunkai'i Slave #5,Mustapha Mekanassi,1,2013,2013,
649,Maester Helliweg,Joe Hewetson,1,2015,2015,
650,Brothel Child #2,Isabelle Jones,1,2015,2015,
651,Inn Waitress,Irene Kelleher,1,2015,2015,
652,Lannister Guard #2,Fiach Kunz,1,2015,2015,
653,Handmaid,Sabrina Bartlett,1,2016,2016,
654,Bolton Soldier,Tristan Heanue,1,2016,2016,
655,Ironborn #3,James Lecky,1,2016,2016,
656,Stark Guard,Rick Burn,1,2011,2011,
657,Genna,Kylie Harris,1,2013,2013,
658,Son of the Harpy,Curtis-Lee Ashqar,1,2015,2015,
659,Baratheon Soldier #1,David Fennelly,1,2015,2015,
660,Lannister Guard #3,Michael Johnston,1,2015,2015,
661,Meereenese Homeless Mother,Sabina Arthur,1,2016,2016,
662,Tommen's Attendant,Dermot Ward,1,2016,2016,
663,Red Keep Stableboy,Hugo Culverhouse,1,2011,2011,
664,Night's Watchman,Patrick J Molloy,1,2014,2014,
665,Dwarf Hunter #1,Jonathan Gunning,1,2015,2015,
666,Maester Caleotte,Colin Azzopardi,1,2016,2016,
667,Tommen's Manservant,Aron Hegarty,1,2016,2016,
668,Chella,Natalia Lee,1,2012,2012,
669,Gordy,Tristan McConnell,1,2015,2015,
670,Dwarf Hunter #2,Alan McKee,1,2015,2015,
671,Wyman Manderly,Sean Blowers,1,2016,2016,
672,Lord Portan,Gordon Fulton,1,2012,2012,
673,Farmer's Daughter,Trixiebell Harrowell,1,2014,2014,
674,Simpson,Laurence O'Fuarain,1,2015,2015,
675,Cley Cerwyn,Tom Varey,1,2016,2016,
676,Tourney Herald,Marko Cindric,1,2012,2012,
677,Tortured Slave,Mark Drake,1,2013,2013,
678,Woodcutter,Ralph Clemente,1,2015,2015,
679,Dothraki Man Having Sex,Oliver Stockwell,1,2016,2016,
680,King's Landing Drunkard,Anthony John Crocker,1,2015,2015,
681,Great Master #2,Derek Horsham,1,2014,2014,
682,King's Landing Whore,Kirsty Nicholls,1,2015,2015,
683,Meereen Slave,Joshua Sher,1,2014,2014,
684,King's Landing Flasher #1,Munro Graham,1,2015,2015,
685,King's Landing Flasher #2,Ben Kelly,1,2015,2015,
686,Cersei Body Double,Rebecca Van Cleave,1,2015,2015,
687,The Bear,Bart the Bear,1,2013,2013,
688,Night's Watch Officer,Michael Stuart,19,2013,2019,
689,Baratheon Soldier,Graeme Peacock,11,2012,2017,
690,Baratheon Soldier,Mark Quigley,11,2014,2019,
691,Stark Soldier,Andrew McClay,10,2015,2019,
692,Night's Watch,Bobby Marno,10,2015,2017,
693,Baratheon Soldier,James Bleakney,9,2013,2016,
694,Ironborn,Logan Bruce,6,2013,2019,
695,Brotherhood Member,Tyrone Kearns,6,2013,2016,
696,Knight of the Vale,Micheal Fitzgerald,6,2016,2019,
697,Unsullied,Stephen Presley,6,2019,2019,
698,Unsullied,Andrew Watson,6,2019,2019,
699,Northern Lord,Robert Brown,5,2015,2019,
700,Knight,Frédéric André,4,2011,2016,
701,Craster's Wife,Kristy Robinson,4,2012,2015,
702,Wildling,Jessica Odell,4,2015,2016,
703,Stark Archer,Patrick Kelly,4,2016,2019,
704,King's Landing Nobleman,Frank Cannon,3,2015,2016,
705,Dothraki woman,Mariola Sanz,3,2015,2016,
706,Meereen Guard,Juan Carlos Martínez Antuña,3,2017,2017,
707,Unsullied Soldier,Jaryd Headley,3,2019,2019,
708,Wildling,Brian Kearns,3,2019,2019,
709,Lord Galbart Glover,Mark Coney,2,2011,2011,
710,Mikken,Boyd Rankin,2,2011,2011,
711,Nobleman,Aaron Archer,2,2012,2016,
712,Frey Wedding Guest,Darragh O'Connor,2,2013,2016,
713,Frey Wedding Guest,Laurence Doherty,2,2013,2014,
714,Night's Watch,Gerald McMullan,2,2014,2017,
715,Dothraki Rider,Daniel Naprous,2,2014,2017,
716,King's Landing Handmaiden,Niamh Lennon,2,2014,2014,
717,Mole's Town Whore,Marion McDowell,2,2014,2014,
718,Tyrell Cousin,Kylie Zimmer,2,2014,2014,
719,Burning Lannister,Calvin Warrington-Heasman,2,2015,2017,
720,Tully Soldier,Simon Millar,2,2015,2016,
721,Wildling,Jessica Stevenson,2,2015,2015,
722,Karstark Soldier,Peter Rooney,2,2016,2019,
723,Bolton Infantry,Kevin-Barry Brown,2,2016,2016,
724,Kingsland Taverner,Michael William Burns,2,2016,2016,
725,Braavosi Theatre Server,Tamsin Greene Barker,2,2016,2016,
726,Braavosi Theatre Sound Artist,Kiran Shah,2,2016,2016,
727,Meereen Guard,Hugh Yeaman,2,2016,2016,
728,Captured Wight,Michael Byrch,2,2017,2017,
729,Lady of Winterfell,Canan Avsar,2,2019,2019,
730,Dothraki Rider,Spencer Collings,2,2019,2019,
731,Baratheon Guard,Phil Barnhill,1,2011,2011,
732,Prostitute,Caroline Davis,1,2011,2011,
733,Winterfell Beekeeper,Owen Dickey,1,2011,2011,
734,Mago,Ivailo Dimitrov,1,2011,2011,
735,Lady of Eyrie Landing (2011),Bernadette Dobbin,1,2011,2011,
736,Peasant,Melissa Reid,1,2011,2011,
737,Lannister Guard,James Tolcher,1,2011,2011,
738,King's Guard,Robert Yates,1,2011,2011,
739,Baratheon Archer,Robert Atkinson,1,2012,2012,
740,Wight,Noel Cecil,1,2012,2012,
741,Black Knight,Jonathan Cohen,1,2012,2012,
742,Lannister Archer,Hugh Irvine,1,2012,2012,
743,Weasel,Paul Kealyn,1,2012,2012,
744,Selyse Baratheon,Sarah Mac Keever,1,2012,2012,Baratheon
745,Young Nobleman,Filip Lozic,1,2012,2012,
746,Stark Guard,Paul Monahan,1,2012,2012,
747,Craster's Daughter,Ginger A. Taylor,1,2012,2012,
748,Riverrun Nobleman,Matt Butcher,1,2013,2013,
749,Marianne Frey,Katie Creaven,1,2013,2013,
750,Musician,Kevin McCann,1,2013,2013,
751,Hoster Tully,Christopher Newman,1,2013,2013,
752,Bathhouse Boy,Niall O'Donnell,1,2013,2013,
753,Khaleesi Handmaiden #1,Rachel Puchkoff,1,2013,2013,
754,Yunkai Citizen,Mustapha Rachidi,1,2013,2013,
755,Dothraki,Omar Youssef,1,2013,2013,
756,Noble Man,Neil Baltus,1,2014,2014,
757,Waitress,Emma Bryant,1,2014,2014,
758,Cooper,Joe Claflin,1,2014,2014,
759,Dragonstone waiter,Bryan Cogman,1,2014,2014,
760,Stannis Guard,Oisin De Lange,1,2014,2014,
761,Wedding Guest,Paul Herbert,1,2014,2014,
762,Inn Customer,Phelim Kelly,1,2014,2014,
763,Frey Serving Boy,Mark Kelvin Ryan,1,2014,2014,
764,Noble Lady,Stella Lutz,1,2014,2014,
765,Night's Watch Archer,Neil Marshall,1,2014,2014,
766,Donnel Hill,Jack Roth,1,2014,2014,
767,Wedding Band,Sigur Rós,1,2014,2014,
768,Wedding Guest,C.C. Smiff,1,2014,2014,
769,Strong Fighter,Adam Basil,1,2015,2015,
770,Fighter,Roman Beguns,1,2015,2015,
771,Wildling,Brann Dailor,1,2015,2015,
772,Fighter,Rob de Groot,1,2015,2015,
773,Wildling Archer,Jenny Edgar,1,2015,2015,
774,Wight,Cassie Friel,1,2015,2015,
775,Wildling,Brent Hinds,1,2015,2015,
776,Slave,Terence Hughes,1,2015,2015,
777,Pit Fighter,Charles Jarman,1,2015,2015,
778,Wilding Gladiator,Danko Jordanov,1,2015,2015,
779,Wildling,Bill Kelliher,1,2015,2015,
780,Night's Watch Recruit,Christopher Kinkead,1,2015,2015,
781,Wildling Archer,Chelsea Mainwaring,1,2015,2015,
782,Wight,Barrie Martin,1,2015,2015,
783,Wildling,Elaine O'Dwyer,1,2015,2015,
784,Wildling,Royd Tolkien,1,2015,2015,
785,Passerby,Kerim Topcic,1,2015,2015,
786,Unsullied Guard,Pablo Verdejo,1,2015,2015,
787,Volantene Whore,Raquel Arraes,1,2016,2016,
788,Child of the Forest #1,Kristina Baskett,1,2016,2016,
789,Child of the Forest #2,Rachelle Beinart,1,2016,2016,
790,Tavern Maid,Elynia Betts,1,2016,2016,
791,Volantene Whore,Susan Christie,1,2016,2016,
792,Frey Daughter,Milly Burke Cunningham,1,2016,2016,
793,Quinn,Oryan Landa,1,2016,2016,
794,'That's Right' Man,Jose Mellinas,1,2016,2016,
795,Child of the Forest #3,Casey Michaels,1,2016,2016,
796,Volantene Whore,Sophia Smith,1,2016,2016,
797,Healtor Troop,Gary Wales,1,2016,2016,
798,Howland Reed,Leo Woodruff,1,2016,2016,
799,Dothraki Rider,Charlie Barrett,1,2017,2017,
800,Traveller,Dario Cannizzaro,1,2017,2017,
801,Woman in King's Landing,Carolina Castellano,1,2017,2017,
802,Wildling,Dan Euston,1,2017,2017,
803,Lannister Guard,Christian Gimse,1,2017,2017,
804,Lannister Soldier,Seán McGillicuddy,1,2017,2017,
805,Night's Watch,Brendan McGivern,1,2017,2017,
806,Tyrell Guard,Ross Moneypenny,1,2017,2017,
807,Burning Lannister,Douglas Robson,1,2017,2017,
808,Lannister Map Painter,Jim Stanes,1,2017,2017,
809,Lannister Spearman,Noah Syndergaard,1,2017,2017,
810,Unsullied,Louis Agbodo,1,2019,2019,
811,King's Landing Citizen,Lorenzo Antonucci,1,2019,2019,
812,Wildling #2,David Benioff,1,2019,2019,
813,Lannister Archer,Brian Black,1,2019,2019,
814,Alanna,Kim Chapman,1,2019,2019,
815,Soldier,Sophie Ellis-Bextor,1,2019,2019,
816,Ironborn #3,Dave Hill,1,2019,2019,
817,Wight,Jack Hudson,1,2019,2019,
818,Soldier,Richard Jones,1,2019,2019,
819,Ironborn #1,Rob McElhenney,1,2019,2019,
820,King's Landing Citizen,Patrick McGilligan,1,2019,2019,
821,Stark Guard,Jesse Morris,1,2019,2019,
822,Lannister Officer,Duncan Muggoch,1,2019,2019,
823,Grieving Daughter,Michelle O'Flaherty,1,2019,2019,
824,Lannister Guard,Adam Quigley-Nixon,1,2019,2019,
825,King's Landing Citizen,Aaron Rodgers,1,2019,2019,
826,Old Man,Derek Smith,1,2019,2019,
827,Wildling Wight,Chris Stapleton,1,2019,2019,
828,Ironborn #2,Martin Starr,1,2019,2019,
829,Soldier,Vasco Temudo,1,2019,2019,
830,Wildling #1,D.B. Weiss,1,2019,2019,
831,Wight,Gareth Wright,1,2019,2019,
